job_title,company_name,job_location,job_description,salary_low,salary_high,source,timestamp
Data Analyst,dsysinc,"Denver, Colorado","Job Title: Business Data Analyst Location: Denver, CO Duration: 6 Months - Contract Experience: Minimum Years&rsquo; experience: 8 &ndash; 10 Years &ndash; is a MUST &nbsp; Work Authorization&39;s (VISA TYPE): Open All Visa Welcome (H1B | Green Card | US Citizen | OPT EAD | GC-EAD). &nbsp; An Ideal Candidate must have: Business Data Analyst Business Data Analyst to support the Trails Modernization project with the conversion of Crystal 10 reports to Crystal 13 reports. The Business Data Analyst…",98374.91,98374.91,Adzuna,2024-06-21 13:56:56.851886
"Data Analyst, Data Analytics",Cardinal Health,"Glendale, Denver","What Data Analytics brings to Cardinal Health: The Data & Analytics Function oversees the analytics life-cycle in order to identify, analyze and present relevant insights that drive business decisions and anticipate opportunities to achieve a competitive advantage. This function manages analytic data platforms, the access, design and implementation of reporting/business intelligence solutions, and the application of advanced quantitative modeling. Data Analytics applies business process knowled…",127338.04,127338.04,Adzuna,2024-06-21 13:56:56.851886
Business Data Analyst,"Kaseware, Inc.","Lowry, Denver","Job Title: Business Data Analyst Location: Local, In-Office, Hybrid schedule Do you love technology and helping organizations utilize that technology to become greater than they thought possible? Are you interested in serving your community and doing your part to keep your community, nation, and planet safe? At Kaseware you will have the chance to do all of that and so much more as a Business Data Analyst. Kaseware is a company that is changing the world of law enforcement and corporate securit…",85000.0,110000.0,Adzuna,2024-06-21 13:56:56.851886
Business Data Analyst,Access2Care LLC,"Greenwood Village, Arapahoe County","Access2Care LLC Position: Business Data Analyst Location: Greenwood Village, CO Responsibilities: Participate as an internal consultant to the Regional Operations Analyst on issues including, but not limited to, operating metrics, required client reporting, trends affecting our operating expenses, and effective management of employee productivity. Develop strong partnerships with stakeholders to gather, understand and define data and reporting requirements, including the development of multiple…",95215.74,95215.74,Adzuna,2024-06-21 13:56:56.851886
Sr. Data Analyst,Match Group,"Glendale, Denver","The growing Match Group Central Platforms team is looking for an analyst to work cross-functionally with the Match Group organization, and our portfolio of brands, to help identify, understand, and improve business, operations, and product challenges. Reporting to the Director of Product, the Senior Data Analyst will deliver high-quality strategic and tactical analysis; collaborating with the product, engineering, data science, business intelligence, member experience and operations teams. Know…",132393.44,132393.44,Adzuna,2024-06-21 13:56:56.851886
ERP Data Analyst,CyberCoders,"Denver, Colorado","ERP Data Analyst We are seeking a Senior ERP Analyst with a passion for data and analytics to join our growing team. The Senior ERP Analyst will be responsible for leveraging data to identify and provide actionable insights to drive business decisions. The ideal candidate will have experience working with Dynamics 365, PowerBI, and ideally Business Central.  Position Overview:  Identify and define business requirements for data extraction and analytics.  Analyze data from multiple sources to id…",85000.0,95000.0,Adzuna,2024-06-21 13:56:56.851886
Data Analyst - Forecasting,DISH Network Corporation,"Cherry Hills Village, Arapahoe County","Company Summary DISH, an EchoStar Company, has been reimagining the future of connectivity for more than 40 years. Our business reach spans satellite television service, live-streaming and on-demand programming, smart home installation services, mobile plans and products, and now we are building America's First Smart Network. Today, our brands include EchoStar, Hughes, DISH TV, Sling TV, Boost Infinite, Boost Mobile, DISH Wireless, OnTech and GenMobile. Department Summary The In-Home Services C…",42426.64,42426.64,Adzuna,2024-06-21 13:56:56.851886
Data Analyst Sr,Sedgwick,"Glendale, Denver","Taking care of people is at the heart of everything we do, and we start by taking care of you, our valued colleague. A career at Sedgwick means experiencing our culture of caring. It means having flexibility and time for all the things that are important to you. It's an opportunity to do something meaningful, each and every day. It's having support for your mental, physical, financial and professional needs. It means sharpening your skills and growing your career. And it means working in an env…",82724.16,82724.16,Adzuna,2024-06-21 13:56:56.851886
Data Analyst - Forecasting,DISH Network,"Englewood, Arapahoe County","Company Summary DISH, an EchoStar Company, has been reimagining the future of connectivity for more than 40 years. Our business reach spans satellite television service, live-streaming and on-demand programming, smart home installation services, mobile plans and products, and now we are building America's First Smart Network. Today, our brands include EchoStar, Hughes, DISH TV, Sling TV, Boost Infinite, Boost Mobile, DISH Wireless, OnTech and GenMobile. Department Summary The In-Home Services C…",36695.15,36695.15,Adzuna,2024-06-21 13:56:56.851886
Product Data Analyst,Lincoln Financial Group,"Glendale, Denver","Alternate Locations: Work from Home; Fort Wayne, IN (Indiana); Hartford, CT (Connecticut); Radnor, PA (Pennsylvania) Work Arrangement: Hybrid/Flexible : Work at home and use the office as appropriate for in-person collaboration. Relocation assistance: is not available for this opportunity. Requisition : 73242 The Role at a Glance As the Product Data Analyst , you will assist in all facets of product development activities for Defined Contribution Variable Annuity Products. You will gain an unde…",83782.98,83782.98,Adzuna,2024-06-21 13:56:56.851886
Infrastructure Data Analyst,US Bank,"Glendale, Denver","At U.S. Bank, we're on a journey to do our best. Helping the customers and businesses we serve to make better and smarter financial decisions and enabling the communities we support to grow and succeed. We believe it takes all of us to bring our shared ambition to life, and each person is unique in their potential. A career with U.S. Bank gives you a wide, ever-growing range of opportunities to discover what makes you thrive at every stage of your career. Try new things, learn new skills and di…",113727.72,113727.72,Adzuna,2024-06-21 13:56:56.851886
Infrastructure Data Analyst,U.S. Bank,"Glendale, Denver","At U.S. Bank, we're on a journey to do our best. Helping the customers and businesses we serve to make better and smarter financial decisions and enabling the communities we support to grow and succeed. We believe it takes all of us to bring our shared ambition to life, and each person is unique in their potential. A career with U.S. Bank gives you a wide, ever-growing range of opportunities to discover what makes you thrive at every stage of your career. Try new things, learn new skills and di…",138863.61,138863.61,Adzuna,2024-06-21 13:56:56.851886
"Data analyst - Denver, CO",Compubahn,"Federal Heights, Adams County","Data analyst with AWS, Snowflake, SQL 8-10 years of experience with inclination toward architecture",105600.0,,Adzuna,2024-06-21 13:56:56.851886
Senior Web Data Analyst,Sand Cherry Associates,"Denver, Colorado","Description Company Profile At Sand Cherry Associates, we excel in the design and delivery of strategic customer-centric initiatives through digitally-native, data-empowered solutions. Our client’s confidence in us is centered on exceptionally skilled, high-energy talent working with the support of the full Sand Cherry team. Finding the right match for this role is a critical aspect of continuing that success. Overview We are looking for a Senior Web Data Analyst who will lead the charge for de…",73343.88,73343.88,Adzuna,2024-06-21 13:56:56.851886
Senior Clinical Data Analyst,J&J Family of Companies,"Glendale, Denver","Senior Clinical Data Analyst - 2406185694W Description At Johnson & Johnson, we believe health is everything. Our strength in healthcare innovation empowers us to build a world where complex diseases are prevented, treated, and cured, where treatments are smarter and less invasive, and solutions are personal. Through our expertise in Innovative Medicine and MedTech, we are uniquely positioned to innovate across the full spectrum of healthcare solutions today to deliver the breakthroughs of tomo…",114945.69,114945.69,Adzuna,2024-06-21 13:56:56.851886
Senior Data Analyst - 165205,"Adams County, CO","Westminster, Adams County","Adams County Human Services (ACHS) is seeking a passionate and community-driven Data Analyst - Senior to join the Director's Office. At ACHS, we are committed to improving the well-being of our diverse community through innovative solutions and data-driven decision-making. Working as a member of a high-performing team, this position provides skilled analytical support and high-quality deliverables that demonstrate the integrity and effectiveness of the Department's work. This position is crucia…",76724.79,76724.79,Adzuna,2024-06-21 13:56:56.851886
Lifecycle Marketing Data Analyst,Autodesk,"Denver, Colorado","Job Requisition ID 24WD78191 French job description to follow/La description de poste en français se trouve plus basPosition OverviewJoin our Growth Marketing Innovation and Lifecycle (ILM) Team, a dynamic group spearheading data-led engagements across the full customer lifecycle. You will partner with Lifecycle Marketers to do data deep-dives on tech admin and end user behavior across our product portfolio to identify strategic opportunities for new lifecycle experiences that drive time to val…",79022.11,79022.11,Adzuna,2024-06-21 13:56:56.851886
Repair Options Data Analyst,Wagner International LLC,"Aurora, Arapahoe County","Would you like to be part of a focused, dedicated team? Do you want to work and grow with other motivated, ambitious people? Wagner Equipment Co. offers challenging career opportunities, extensive training and employee development along with an opportunity to grow your career and thrive under Wagner's reputation for excellence. We offer excellent benefits and supply you with the tools you need to maximize your potential and grow within Wagner. Benefits include: Paid Time Off (PTO) Plan - Up to …",48460.38,48460.38,Adzuna,2024-06-21 13:56:56.851886
"Data Analyst, Developer Operations",Meta,"Glendale, Denver","Summary: Meta Platforms, Inc. (Meta), formerly known as Facebook Inc., builds technologies that help people connect, find communities, and grow businesses. When Facebook launched in 2004, it changed the way people connect. Apps and services like Messenger, Instagram, and WhatsApp further empowered billions around the world. Now, Meta is moving beyond 2D screens toward immersive experiences like augmented and virtual reality to help build the next evolution in social technology. To apply, click …",101565.34,101565.34,Adzuna,2024-06-21 13:56:56.851886
Compensation & People Data Analyst,Sage Hospitality,"Federal Heights, Adams County","Sage Hospitality Group is seeking a Compensation & People Data Analyst to join the team in Denver, Colorado. As part of Sage Hospitality Group, we passionately strive to be the best and create excellence in everything we do. We believe in enriching lives one experience at a time. More than a slogan, we empower our employees to make positive impacts on the communities in which we live and work. By providing genuine service we build relationships with our guests and value for our shareholders, an…",70000.0,90000.0,Adzuna,2024-06-21 13:56:56.851886
Compensation & People Data Analyst,Sage Hospitality Group,"Glendale, Denver","Why us? Sage Hospitality Group is seeking a Compensation & People Data Analyst to join the team in Denver, Colorado. As part of Sage Hospitality Group, we passionately strive to be the best and create excellence in everything we do. We believe in enriching lives one experience at a time. More than a slogan, we empower our employees to make positive impacts on the communities in which we live and work. By providing genuine service we build relationships with our guests and value for our sharehol…",118943.2,118943.2,Adzuna,2024-06-21 13:56:56.851886
"Data Analyst, Corp Compliance",DaVita Inc.,"Glendale, Denver","2000 16th Street, Denver, Colorado, 80202, United States of America DaVita's Compliance team, ""Team Quest"" identifies, develops, and implements strategies to mitigate risk in a developing healthcare regulatory landscape. As a Business Analyst supporting the Compliance Data & Analytics Team, you will join a team of highly motivated individuals and will be a key player in how we use data to enhance our compliance program. Duties include leading team ceremonies, facilitating communication, resolvi…",49378.34,49378.34,Adzuna,2024-06-21 13:56:56.851886
Data Analyst - Subscriber Management,DISH Network,"Englewood, Arapahoe County","Company Summary DISH, an EchoStar Company, has been reimagining the future of connectivity for more than 40 years. Our business reach spans satellite television service, live-streaming and on-demand programming, smart home installation services, mobile plans and products, and now we are building America's First Smart Network. Today, our brands include EchoStar, Hughes, DISH TV, Sling TV, Boost Infinite, Boost Mobile, DISH Wireless, OnTech and GenMobile. Department Summary Our marketing and adve…",78388.47,78388.47,Adzuna,2024-06-21 13:56:56.851886
Senior Data Analyst - Loyalty,DISH Network,"Englewood, Arapahoe County","Company Summary DISH, an EchoStar Company, has been reimagining the future of connectivity for more than 40 years. Our business reach spans satellite television service, live-streaming and on-demand programming, smart home installation services, mobile plans and products, and now we are building America's First Smart Network. Today, our brands include EchoStar, Hughes, DISH TV, Sling TV, Boost Infinite, Boost Mobile, DISH Wireless, OnTech and GenMobile. Department Summary Our marketing and adve…",92793.8,92793.8,Adzuna,2024-06-21 13:56:56.851886
IS data Analyst and Hazus Specialist,Black & Veatch Corporation,"Glendale, Denver","Together, we own our company, our future, and our shared success. As an employee-owned company, our people are Black & Veatch. We put them at the center of everything we do and empower them to grow, explore new possibilities and use their diverse talents and perspectives to solve humanity's biggest challenges in an ever-evolving world. With over 100 years of innovation in sustainable infrastructure and our expertise in engineering, procurement, consulting and construction, together we are build…",74560.99,74560.99,Adzuna,2024-06-21 13:56:56.851886
Air optimization data analyst,American Express Global Business Travel,"Glendale, Denver",Amex GBT is a place where colleagues find inspiration in travel as a force for good and - through their work - can make an impact on our industry. We're here to help our colleagues achieve success and offer an inclusive and collaborative culture where your voice is valued. Ready to explore a career path? Start your journey. Are you ready for the next step within GBT? This is an excellent opportunity to expand your knowledge and skills in the area of revenue optimization for our air and ground t…,36794.84,36794.84,Adzuna,2024-06-21 13:56:56.851886
Data Analyst - Subscriber Management,DISH Network Corporation,"Cherry Hills Village, Arapahoe County","Company Summary DISH, an EchoStar Company, has been reimagining the future of connectivity for more than 40 years. Our business reach spans satellite television service, live-streaming and on-demand programming, smart home installation services, mobile plans and products, and now we are building America's First Smart Network. Today, our brands include EchoStar, Hughes, DISH TV, Sling TV, Boost Infinite, Boost Mobile, DISH Wireless, OnTech and GenMobile. Department Summary Our marketing and adve…",88507.32,88507.32,Adzuna,2024-06-21 13:56:56.851886
Senior Data Analyst - Loyalty,DISH Network Corporation,"Cherry Hills Village, Arapahoe County","Company Summary DISH, an EchoStar Company, has been reimagining the future of connectivity for more than 40 years. Our business reach spans satellite television service, live-streaming and on-demand programming, smart home installation services, mobile plans and products, and now we are building America's First Smart Network. Today, our brands include EchoStar, Hughes, DISH TV, Sling TV, Boost Infinite, Boost Mobile, DISH Wireless, OnTech and GenMobile. Department Summary Our marketing and adve…",109514.39,109514.39,Adzuna,2024-06-21 13:56:56.851886
Sr Data Analyst - Education,Public Consulting Group,"Glendale, Denver","Overview Public Consulting Group LLC (PCG) is a leading public sector solutions implementation and operations improvement firm that partners with health, education, and human services agencies to improve lives. Founded in 1986, PCG employs approximately 2,000 professionals throughout the U.S.-all committed to delivering solutions that change lives for the better. The firm is a member of a family of companies with experience in all 50 states, and clients in six Canadian provinces and Europe. PCG…",182041.84,182041.84,Adzuna,2024-06-21 13:56:56.851886
Senior Data Analyst - Product & Operations,Cheddar Up,"Denver, Colorado","Applicants should be located in Colorado - near Boulder or Denver. About Cheddar Up: Cheddar Up leads the group payments market in North America, empowering tens of thousands of organizers and millions of payers to streamline how they collect payments and information. We are a tight-knit team that is inspired everyday by the group organizers we serve. We’re a fast-growing tech company with opportunities for growth and offer great flexibility in terms of hours and location. Our mission is to pro…",95000.0,115000.0,Adzuna,2024-06-21 13:56:56.851886
Clinically Integrated Network Data Analyst,HCA,"Glendale, Denver","Salary Estimate: $76731.20 - $115128.00 / year Learn more about the benefits offered for this job. The estimate displayed represents the typical salary range of candidates hired. Factors that may be used to determine your actual salary may include your specific skills, how many years of experience you have and comparison to other employees already in this role. The typical candidate is hired below midpoint of the range. Introduction Last year our HCA Healthcare colleagues invested over 156,000 …",55571.86,55571.86,Adzuna,2024-06-21 13:56:56.851886
Clinically Integrated Network Data Analyst,HCA Healthcare,"Glendale, Denver","Description Salary Estimate: $76731.20 - $115128.00 / year Learn more about the benefits offered ( https://careers.hcahealthcare.com/pages/employee-benefits-and-rewards ) for this job. The estimate displayed represents the typical salary range of candidates hired. Factors that may be used to determine your actual salary may include your specific skills, how many years of experience you have and comparison to other employees already in this role. The typical candidate is hired below midpoint of …",68297.27,68297.27,Adzuna,2024-06-21 13:56:56.851886
Business Data Analyst II - GSA,MIRACORP,"Fort Logan, Denver","Business Data Analyst II - GSA Job Details Job Location Lakewood, CO Position Type Full Time Education Level 2 Year Degree Salary Range $26.78 - $26.78 Hourly Job Category Government Description MIRACORP Inc. is a veteran, woman-owned firm specializing in federal government contract services. One competitive advantage is that services provided to customers are provided with unmatched excellence. MIRACORP engages employees as the cornerstone of its success creating constant growth We are seeking…",34431.03,34431.03,Adzuna,2024-06-21 13:56:56.851886
Data Analyst - Level I (3765),Three Saints Bay,"Glendale, Denver","Data Analyst - Level I (3765) Location Denver, CO Job Code 3765  of Openings Apply Now (https://phg.tbe.taleo.net/phg01/ats/careers/v2/applyRequisition?orgGATEWAYVENT&cws55&rid3765) Job Brief Data Analyst - Level I (3765) OLH Technical Services, a subsidiary of Three Saints Bay, LLC, and a Federal Government Contractor industry leader, is seeking services a Data Analyst - Level 1 POSITION RESPONSIBILITIES: · Receiving and validating the customer information received through the new account requ…",79194.12,79194.12,Adzuna,2024-06-21 13:56:56.851886
Data Analyst II - Denver (3745),Three Saints Bay,"Glendale, Denver","Data Analyst II - Denver (3745) Location Denver, CO Job Code 3745  of Openings Apply Now (https://phg.tbe.taleo.net/phg01/ats/careers/v2/applyRequisition?orgGATEWAYVENT&cws55&rid3745) Ocean Bay, a subsidiary of Three Saints Bay, LLC, and a Federal Government Contractor industry leader, is seeking a Data Analyst II POSITION RESPONSIBILITIES: - Provide extended training and guidance to entry level data analyst and data entry personnel in managing information systems. - Assist in providing trainin…",56084.52,56084.52,Adzuna,2024-06-21 13:56:56.851886
"Environmental Data Analyst - Westminster, CO",ASRC Industrial Services,"Westminster, Adams County","Environmental Data Analyst - Westminster, CO Summary Title: Environmental Data Analyst - Westminster, CO ID: 2037 - RSI - 06 Description About Company RSI EnTech (RSI) has provided services to major federal clients and Fortune 500 engineering and construction companies since 1996. RSI EnTech has more than two decades of experience in complex, highly regulated markets providing environmental, engineering, energy and project management services while maintaining an excellent safety record. RSI Se…",62543.42,62543.42,Adzuna,2024-06-21 13:56:56.851886
Data Analyst I - Denver (3741),Three Saints Bay,"Glendale, Denver","Data Analyst I - Denver (3741) Location Denver, CO Job Code 3741  of Openings Apply Now (https://phg.tbe.taleo.net/phg01/ats/careers/v2/applyRequisition?orgGATEWAYVENT&cws55&rid3741) Ocean Bay, a subsidiary of Three Saints Bay, LLC, and a Federal Government Contractor industry leader, is seeking a Data Analyst I POSITION RESPONSIBILITIES: - Maintain information in all MegaCenter systems to include but not limited to: - Buildings: - Validate/maintain information for all GSA provided through a re…",62942.64,62942.64,Adzuna,2024-06-21 13:56:56.851886
Lifecycle Marketing Senior Data Analyst,Autodesk Inc.,"Glendale, Denver","Job Requisition ID  24WD78190 French to follow/La description de poste en français se trouve plus bas Position Overview Join our Growth Marketing Innovation and Lifecycle (ILM) Team, a dynamic group spearheading data-led engagements across the full customer lifecycle. You will lead our nascent analytics function that will partner with Lifecycle Marketers to do data deep-dives on tech admin and end user behavior across our product portfolio to identify strategic opportunities for new lifecycle e…",72643.58,72643.58,Adzuna,2024-06-21 13:56:56.851886
Lifecycle Marketing Senior Data Analyst,Autodesk,"Glendale, Denver","Job Requisition ID  24WD78190 French job description to follow/La description de poste en français se trouve plus bas Position Overview Join our Growth Marketing Innovation and Lifecycle (ILM) Team, a dynamic group spearheading data-led engagements across the full customer lifecycle. You will lead our nascent analytics function that will partner with Lifecycle Marketers to do data deep-dives on tech admin and end user behavior across our product portfolio to identify strategic opportunities for…",92674.23,92674.23,Adzuna,2024-06-21 13:56:56.851886
Data Analyst / Business Intelligence Systems,WTW,"Glendale, Denver","Willis Towers Watson is a leading global advisory, broking and solutions company that helps clients around the world turn risk into a path for growth. With roots dating to 1828, Willis Towers Watson has 39,000 employees in more than 120 territories. We design and deliver solutions that manage risk, optimize benefits, cultivate talent, and expand the power of capital to protect and strengthen institutions and individuals. Our unique perspective allows us to see the critical intersections between…",121696.52,121696.52,Adzuna,2024-06-21 13:56:56.851886
Data Analyst  Qualifications have changed,State of Colorado,"Glendale, Denver","Department Information It is the mission of the Office of Institutional Research and Analysis to define, collect, maintain, analyze, and disseminate official institutional data. This office complies with federal and state mandated reporting requirements, participates in national surveys, administers student surveys, and publishes data pertaining to students, graduates, and employees. Data is made available to internal and external stakeholders for the purposes of informing decision-making, stra…",66222.45,66222.45,Adzuna,2024-06-21 13:56:56.851886
CBB Risk Customer Remediation Data Analyst,US Bank,"Glendale, Denver","At U.S. Bank, we're on a journey to do our best. Helping the customers and businesses we serve to make better and smarter financial decisions and enabling the communities we support to grow and succeed. We believe it takes all of us to bring our shared ambition to life, and each person is unique in their potential. A career with U.S. Bank gives you a wide, ever-growing range of opportunities to discover what makes you thrive at every stage of your career. Try new things, learn new skills and di…",103647.78,103647.78,Adzuna,2024-06-21 13:56:56.851886
CBB Risk Customer Remediation Data Analyst,U.S. Bank,"Glendale, Denver","At U.S. Bank, we're on a journey to do our best. Helping the customers and businesses we serve to make better and smarter financial decisions and enabling the communities we support to grow and succeed. We believe it takes all of us to bring our shared ambition to life, and each person is unique in their potential. A career with U.S. Bank gives you a wide, ever-growing range of opportunities to discover what makes you thrive at every stage of your career. Try new things, learn new skills and di…",123594.34,123594.34,Adzuna,2024-06-21 13:56:56.851886
"TEMPORARY Terrestrial Data Analyst Assistant - Denver, CO",State of Colorado,"Glendale, Denver","TEMPORARY Terrestrial Data Analyst Assistant - Denver, CO Print (https://www.governmentjobs.com/careers/colorado/jobs/newprint/4532541) Apply ? TEMPORARY Terrestrial Data Analyst Assistant - Denver, CO Salary $20.00 Hourly Location Denver, CO Job Type Temporary (9 months or less) Job Number 2024TEMP - PMA165 Department Department of Natural Resources Division Colorado Parks & Wildlife Opening Date 06/04/2024 Closing Date 6/30/2024 11:59 PM Mountain FLSA Determined by Position Primary Physical W…",50160.53,50160.53,Adzuna,2024-06-21 13:56:56.851886
"TEMPORARY Terrestrial Data Analyst Assistant - Denver, CO",State of Colorado,"Glendale, Denver","Department Information THIS IS A TEMPORARY POSITION (9 MONTHS OR LESS) - PAYING $20.00 PER HOUR EMPLOYMENT STARTS 08/5/2024 THROUGH 5/2/2025. To apply, please submit only your application (without attachments such as resumes or cover letters). This announcement will remain open until FILLED. You are encouraged to apply early. The mission of the Colorado Department of Natural Resources is to develop, preserve, and enhance the state's natural resources for the benefit and enjoyment of current and…",44267.48,44267.48,Adzuna,2024-06-21 13:56:56.851886
Senior Industry Data Analyst (Analytics & AI)- Construction and Engineering,Oracle,"Glendale, Denver","Job Description The Senior Industry Data Analyst will be a flexible, results-oriented, and authority product strategy professional. This role combines industry knowledge with a great instinct for developing compelling Analytics & AI outcomes with a strong focus on users; a technical skills to work with an outstanding data science and development team; and the business sense to prioritize pivotal initiatives. We are looking for an upbeat and versatile individual to be a pivotal member of the Ana…",147035.02,147035.02,Adzuna,2024-06-21 13:56:56.851886
"Data Analyst (Open Rank Research Instructor, Research Associate)",University of Colorado,"Aurora, Arapahoe County","University of Colorado Anschutz Medical Campus Department: Center for Bioethics and Humanities Job Title: Data Analyst (Open Rank Research Instructor, Research Associate) Position: 00819290 - Requisition: 32519 Job Summary: The Center for Bioethics and Humanities is hiring for multiple data analyst positions on a rolling basis. Selected candidates will support research teams of economists, physicians, and health services researchers in quantitative research using data sources including Medicare…",83716.69,83716.69,Adzuna,2024-06-21 13:56:56.851886
IS data Analyst and Hazus Specialist Job Details | Black & Veatch Family of Companies,Black & Veatch,"Glendale, Denver","IS data Analyst and Hazus Specialist Date: Jun 14, 2024 Location: Denver, CO, US Overland Park, KS, US Seattle, WA, US Company: Black & Veatch Family of Companies Together, we own our company, our future, and our shared success. As an employee-owned company, our people are Black & Veatch. We put them at the center of everything we do and empower them to grow, explore new possibilities and use their diverse talents and perspectives to solve humanity's biggest challenges in an ever-evolving world…",100702.52,100702.52,Adzuna,2024-06-21 13:56:56.851886
Data Integrations Analyst II,HealthEdge Software Inc,"Glendale, Denver","Overview JOB TITLE: Data Integrations Analyst II JOB LOCATION: Reports to office in Reston, VA 20191. REMOTE EMPLOYMENT IS AVAILABLE. TELECOMMUTING FROM ANY LOCATION IN THE UNITED STATES IS POSSIBLE FOR THIS POSITION. REPORTS TO: Lead, Data Integrations Analyst POSITION SUMMARY: The Data Integrations Analyst II plays a key role in the design, enablement, enhancement, and management of data integration and data quality in support of the enterprise architecture of the GuidingCare® application. Th…",127941.44,127941.44,Adzuna,2024-06-21 13:56:56.851886
Sr. Data Governance Analyst,Bank of America,"Glendale, Denver","Sr. Data Governance Analyst Chicago, Illinois;Denver, Colorado Job Description: At Bank of America, we are guided by a common purpose to help make financial lives better through the power of every connection. Responsible Growth is how we run our company and how we deliver for our clients, teammates, communities and shareholders every day. One of the keys to driving Responsible Growth is being a great place to work for our teammates around the world. We're devoted to being a diverse and inclusiv…",139042.11,139042.11,Adzuna,2024-06-21 13:56:56.851886
Public Notice for Direct Hire (Data Modernization) - Public Health Analyst,Centers for Disease Control and Prevention,Anywhere in the U.S. (remote job),"Minimum Qualifications: GS-12: At least 1 year of specialized experience, equivalent to GS-11 grade level in Federal service: conducting short- and long-term planning, program development, policy and program analysis, and program evaluations; and designing projects or studies to evaluate and resolve public health problems. GS-13: At least 1 year of specialized experience, equivalent to GS-12 grade level in Federal service: conducting short- and long-term planning, program development, policy, and program analysis; providing data management technical oversight, using data from a variety of sources to produce performance and progress measures; and developing data visualizations and interactive reporting to provide meaningful insight from the data (such as dashboards, scorecards, and graphs). GS-14: At least 1 year of specialized experience, equivalent to GS-13 grade level in Federal service: developing and implementing programs and techniques to improve data quality and business practices; and leading special projects such as preparing decision papers relating to the funding of programs for use in briefings. GS-15: At least 1 year of specialized experience, equivalent to GS-14 grade level in Federal service: experience evaluating and analyzing public health programs and policies; providing data analytical support to address issues and obtain solutions to problems encountered in the analysis of public health data; and advising management on policies, operations, products, and services that contribute to the improvement of public health programs. Experience refers to paid and unpaid experience, including volunteer work done through National Service programs (e.g., Peace Corps, AmeriCorps) and other organizations (e.g., professional; philanthropic; religious; spiritual; community, student, social). Volunteer work helps build critical competencies, knowledge, and skills and can provide valuable training and experience that translates directly to paid employment. You will receive credit for all qualifying experience, including volunteer experience. Promotion potential: Promotion to the next grade level is at management's discretion and is based on your meeting qualifications and time-in-grade requirements, demonstrated ability to perform the higher-level duties, the continuing need for the higher-level duties, and administrative approval. Promotion to the next grade level is not guaranteed and no promise of promotion is implied.",86962.0,186854.0,USA Jobs,2024-06-21 13:56:56.851886
Management and Program Analyst,Citizenship and Immigration Services,Anywhere in the U.S. (remote job),"The qualifications for this position must be met by 11:59 PM (Eastern Time) on 07/01/2024. Current Federal employees must have served 52 weeks at the lower grade or equivalent grade band in the Federal service. The Time-in-Grade requirement must be met by 11:59 PM (Eastern Time) on 07/01/2024. GS-14: You qualify at the GS-14 level if you possess one (1) year of specialized experience, equivalent to at least the GS-13 level in the federal government, which has equipped you with the skills needed to successfully perform the duties of the position. You must have experience performing the following duties: Managing a program through financial and policy oversight including coordinating with stakeholders and responding to audits. Researching, evaluating, and applying new technologies to improve and automate business and workflow processes. Designing and conducting a variety of analytical studies, data analysis, and data visualizations to identify trends and improvements relating to logistics, budgeting, and information systems. Providing guidance and advice to agency management and leadership based on comprehensive analyses and understanding of the subject matter. Please read the following important information to ensure you submit everything we need to consider your application: It is your responsibility to ensure that you submit your responses and appropriate documentation prior to 07/01/2024. Your resume will be used to determine your qualifications for the position advertised in this announcement. Therefore, your resume must highlight your most relevant, significant experience related to the requirements found in the qualification section of this announcement, as well as any applicable education. USCIS will only review the first 5 pages of your resume to determine your initial eligibility/qualifications for a position. As such, please be sure to include content to support your eligibility/qualifications for this position within the first 5 pages. Please note that your full resume will be made available to the hiring manager if you are referred. Be clear and specific when describing your work history since Human Resources cannot make assumptions regarding your experience. Your application will be rated and ranked based on your responses to the online questions. Please ensure EACH work history includes ALL of the following information: Job Title (include series and grade if Federal Job) Duties (be specific in describing your duties) Employer's name and address Supervisor name and phone number Start and end dates including month, day and year (e.g. June 18 2007 to April 05 2008) Start and end dates for each grade/pay level if you've held a federal position. Full-time or part-time status (include hours worked per week) Salary Determining length of General or Specialized Experience is dependent on the above information and failure to provide the above information may result in a finding of ineligible. Note: Overstating your qualifications and/or experience in your application materials or application questionnaire may result in your removal from consideration. Federal Experience: If you are using current or prior federal experience as a basis for qualifying for this position, the grade levels and length of employment (mm/dd/year) at each grade level must be listed in your work history. This information will be further validated if selected for this position. National Service Experience (i.e., volunteer experience): Experience refers to paid and unpaid experience, including volunteer work done through National Service programs (e.g., Peace Corps, AmeriCorps) and other organizations (e.g., professional; philanthropic; religious; spiritual; community, student, social). Volunteer work helps build criteria competencies, knowledge, and skills and can provide valuable training and experience that translates directly to paid employment. You will receive credit for all qualifying experience, including volunteer service. Please provide the dates and amount of time/hours worked earning this experience.",104604.0,135987.0,USA Jobs,2024-06-21 13:56:56.851886
Management and Program Analyst,Department of Energy - Agency Wide,Anywhere in the U.S. (remote job),"SPECIALIZED EXPERIENCE REQUIREMENTS FOR GS-09: You must have one year of specialized experience at a level of difficulty and responsibility equivalent to the GS-07 grade level in the Federal Service. Specialized experience for this position includes: Collecting and researching data for evaluations of programs/operations; AND Reviewing, analyzing, and providing information from multiple systems. OR EDUCATION: Master's or equivalent graduate degree or two (2) full years of progressively higher-level graduate education leading to such a degree or LL.B. or J.D., if related. TRANSCRIPTS REQUIRED. OR COMBINATION: You may qualify on a combination of education and experience. The total percentage of experience at the required grade level compared to the requirement, must equal at least 100 percent. Only graduate level education more than the first 18 semester hours (27 quarter hours) may be combined to be considered for qualifying education. TRANSCRIPTS REQUIRED. SPECIALIZED EXPERIENCE REQUIREMENTS FOR GS-11: You must have one year of specialized experience at a level of difficulty and responsibility equivalent to the GS-09 grade level in the Federal Service. Specialized experience for this position includes: Collecting and researching data for evaluations of programs/operations; AND Reviewing, analyzing, and providing information from multiple systems; AND Researching laws, regulations, guidelines, and approved procedures to provide findings. OR EDUCATION: Ph.D. or equivalent doctoral degree or three (3) full years of progressively higher-level graduate education leading to such a degree or LL.M., if related. TRANSCRIPTS REQUIRED. OR COMBINATION: You may qualify on a combination of education and experience. The total percentage of experience at the required grade level compared to the requirement, must equal at least 100 percent. Only graduate level education more than the first 36 semester hours (54 quarter hours) may be combined to be considered for qualifying education. TRANSCRIPTS REQUIRED. SPECIALIZED EXPERIENCE REQUIREMENTS FOR GS-12: You must have one year of specialized experience at a level of difficulty and responsibility equivalent to the GS-11 grade level in the Federal Service. Specialized experience for this position includes: Providing advice and guidance for improvements on policies and making recommendations; AND Researching and interpreting program related laws, regulations, guidelines, and procedures; AND Analyzing management information requirements to operate program or administrative reporting systems. NOTE: There is no substitution of education for specialized experience at the GS-12 level. SPECIALIZED EXPERIENCE REQUIREMENTS FOR GS-13: You must have one year of specialized experience at a level of difficulty and responsibility equivalent to the GS-12 grade level in the Federal Service. Specialized experience for this position includes: Providing advice and guidance for improvements on policies and making recommendations; AND Researching and interpreting program related laws, regulations, guidelines, and procedures; AND Analyzing management information requirements to operate program or administrative reporting systems; AND Overseeing the development of plans and execute the analysis of both quantitative and qualitative. NOTE: There is no substitution of education for specialized experience at the GS-13 level. SPECIALIZED EXPERIENCE REQUIREMENTS FOR GS-14: You must have one year of specialized experience at a level of difficulty and responsibility equivalent to the GS-13 grade level in the Federal Service. Specialized experience for this position includes: Evaluating, summarizing, and preparing reports on risks and operational weaknesses OR developing/implementing tools and techniques to support efforts to evaluate, summarize, and prepare reports on risks and operational weaknesses; AND Communicating issues, justifying conclusions reached, and recommending courses of action; AND Performing formal and informal briefings and presentations to high-level management defending a position or to gain support from the audience. NOTE: There is no substitution of education for specialized experience at the GS-14 level. SPECIALIZED EXPERIENCE REQUIREMENTS FOR GS-15: You must have one year of specialized experience at a level of difficulty and responsibility equivalent to the GS-14 grade level in the Federal Service. Specialized experience for this position includes: Evaluating and coaching the performance of staff; AND Managing time and resources to develop various products or meet program objectives; AND Evaluating, summarizing, and preparing reports on risks and operational weaknesses and developing/implementing tools and techniques to support efforts to evaluate, summarize, and prepare reports on risks and operational weaknesses; AND Performing formal and informal briefings and presentations to high-level management defending a position or to gain support from the audience. NOTE: There is no substitution of education for specialized experience at the GS-15 level. ""Experience"" refers to paid and unpaid experience. Examples of qualifying unpaid experience may include: volunteer work done through National Service programs (such as Peace Corps and AmeriCorps); as well as work for other community-based philanthropic and social organizations. Volunteer work helps build critical competencies, knowledge, and skills; and can provide valuable training and experience that translates directly to paid employment. You will receive credit for all qualifying experience, including volunteer experience. OPM Qualification Standards for the GS-0343 series can be found at the following website: Management & Program Analyst Series, 0343 (opm.gov) CTAP/ICTAP candidates: To be considered ""well qualified"" you must meet all of the requirements as described in this section. This public notice will be used to fill multiple positions as needed, therefore referral lists may be issued daily. Applications must be submitted and qualification requirements met by 11:59 p.m. ET each day in order to be referred on any certificates issued the following day.",59966.0,191900.0,USA Jobs,2024-06-21 13:56:56.851886
Acquisition Analyst,Office of the Assistant Secretary for Administration and Management,Anywhere in the U.S. (remote job),"You must meet the Basic Requirements listed in the Specialized Experience section to qualify for Acquisition Analyst, as described below. For GS-13: Applicants must have 52 weeks of specialized experience equivalent to at least the next lower grade level GS-12 in the Federal Service. Specialized Experience is the experience that equipped the applicant with the particular knowledge, skills, and abilities (KSA's) to perform the duties of the position successfully, and that is typically in or related to the position to be filled. To be creditable, specialized experience must have been equivalent to at least the next lower grade level. Specialized experience is defined as experience that demonstrates research of applicable laws and regulations, knowledge of acquisitions policy guidance, reporting and analysis, drafting and interpreting procurement policies and procedures, providing training and making recommendations to leadership and discussing procurement related issues. Examples of this experience must include: Demonstrates understanding of the Federal Acquisition Regulation and procurement processes, develops procurement policies, procedures (including Standard Operating Procedures), templates, guidance, and best practices for implementation across the Department. Provides oversight of procurement management and operations. Represents the Department authoritatively on selected procurement issues internally and externally in high level venues. Reviews and analyzes data extracted from various reporting systems and communicates results. Develops baseline performance measures for the acquisition system. Develops new methods, approaches, or procedures used by other contracting personnel in solving procurement problems. Demonstrates knowledge and understanding of analytical and evaluative methods, information gathering, documentation, problem identification techniques, and recommends process improvements. Formulates ad hoc reports and performs advanced analysis of data found in the Federal Procurement Data System, Next Generation (FPDS-NG) and other sources of information. Manages customer engagement and serves as a liaison between the program, contracting office, and leadership to provide customer service and support, investigate and remediate issues, and improve engagement.",103409.0,167336.0,USA Jobs,2024-06-21 13:56:56.851886
Student Trainee (Management and Program Analyst),Department of Energy - Agency Wide,Anywhere in the U.S. (remote job),"You must meet all qualifications and eligibility requirements by the closing date (06/28/2024) of this announcement. Pathways Internship Eligibility Requirements Be accepted for enrollment or enrolled and seeking a degree or certificate in a qualifying educational institution on a half- to full-time basis (as determined by the educational institution).; AND Meet the definition of a student throughout the duration of their appointments and maintain a 2.0 or higher GPA.; AND Meet agency-specific requirements as specified in the agency's Participant Agreement with the Intern.; AND Meet the qualification standards (e.g., series and grade) for their internship position. BELOW ARE THE QUALIFICATION REQUIREMENTS FOR THE GS-7: GS-7 EDUCATION: For the Pathways Internship Program you may qualify based solely on education as follows: One full year of graduate level education (18 semester hours, 27 quarter hours or equivalent).; OR SUPERIOR ACADEMIC ACHIEVEMENT: Based on a Bachelor's degree that is demonstrated through class standing (upper 1/3 of class); grade point average (3.0/4.0 overall or 3.5/4.0 in major), or election to membership in a qualifying national scholastic honor society.",49025.0,79331.0,USA Jobs,2024-06-21 13:56:56.851886
Program Analyst,U.S. Army Corps of Engineers,Anywhere in the U.S. (remote job),"Who May Apply: Only applicants who meet one of the employment authority categories below are eligible to apply for this job. You will be asked to identify which category or categories you meet, and to provide documents which prove you meet the category or categories you selected. See Proof of Eligibility for an extensive list of document requirements for all employment authorities. Current Department of Army Civilian Employees Current Department of Defense (DOD) Civilian Employee (non-Army) Interagency Career Transition Assistance Plan Land Management Workforce Flexibility Act Priority Placement Program, DoD Military Reserve (MR) and National Guard (NG) Technician Eligible Priority Placement Program, DoD Military Spouse Preference (MSP) Eligible Priority Placement Program, DoD MR and NG Preference Eligible Tech Receiving Disability Retirement Priority Placement Program, DoD Retained Grade Preference Eligible Reinstatement Veterans Employment Opportunity Act (VEOA) of 1998 In order to qualify, you must meet the experience requirements described below. Experience refers to paid and unpaid experience, including volunteer work done through National Service programs (e.g., Peace Corps, AmeriCorps) and other organizations (e.g., professional; philanthropic; religious; spiritual; community; student; social). You will receive credit for all qualifying experience, including volunteer experience. Your resume must clearly describe your relevant experience; if qualifying based on education, your transcripts will be required as part of your application. Additional information about transcripts is in this document. Specialized Experience for the GS-13: one year of specialized experience which includes experience formulation of the Budget Year, execution of the Current Year, and formulation of Work Plan capabilities (as applicable); Review civil works program criteria, real estate plans, design documents, cost share agreements, and proposed scope and cost changes; and interpret regulations relating to Civil, and support for civil funds, automated funds management systems, civil programming and fiscal matters related to Civil Works SFER programs. You will be evaluated on the basis of your level of competency in the following areas: Budget Administration Financial Management Time in Grade Requirement: Applicants who have held a General Schedule (GS) position within the last 52 weeks must have 52 weeks of Federal service at the next lower grade or equivalent (GS-12). Note: To support the Time in Grade (TIG) requirement you must submit a copy of your latest non-award SF-50/NPA that reflects your highest grade held on a permanent basis along with your application/resume package. Failure to do so may affect your rating or consideration for employment.",103409.0,134435.0,USA Jobs,2024-06-21 13:56:56.851886
Budget Analyst - DETAIL/TEMPORARY PROMOTION,Veterans Health Administration,Anywhere in the U.S. (remote job),"To qualify for this position, applicants must meet all requirements by the closing date of this announcement, 06/28/2024. Time-In-Grade Requirement: Applicants who are current Federal employees and have held a GS grade any time in the past 52 weeks must also meet time-in-grade requirements by the closing date of this announcement. For a GS-11 position you must have served 52 weeks at the GS-09. The grade may have been in any occupation, but must have been held in the Federal service. An SF-50 that shows your time-in-grade eligibility must be submitted with your application materials. If the most recent SF-50 has an effective date within the past year, it may not clearly demonstrate you possess one-year time-in-grade, as required by the announcement. In this instance, you must provide an additional SF-50 that clearly demonstrates one-year time-in-grade. Note: Time-In-Grade requirements also apply to former Federal employees applying for reinstatement as well as current employees applying for Veterans Employment Opportunities Act of 1998 (VEOA) appointment. You may qualify based on your experience and/or education as described below: Specialized Experience: You must have one year of specialized experience equivalent to at least the next lower grade GS-09 in the normal line of progression for the occupation in the organization. Examples of specialized experience would typically include, but are not limited to: comprehensive and detailed knowledge and understanding of governing budgetary policies, precedent setting decisions, procedures, and regulations; analyzing budgetary relationships and developing recommendations for budgetary actions; analytical reasoning and ability to apply that skill to the identification, analysis, and conceptualization of budgetary problems and development of alternative solutions involving the resolution of conflicting goals and objectives; knowledge and understanding of the budget process to monitor the execution of a budget with many different sources and types of funding; detailed and practical knowledge of the computerized accounting and payroll systems. OR, Education: Applicants may substitute education for the required experience. To qualify based on education for this grade level you must have a Ph.D. or equivalent doctoral degree or 3 full years of progressively higher level graduate education leading to such a degree or LL.M., if related. (TRANSCRIPT REQUIRED). OR, Combination: Applicants may also combine education and experience to qualify at this level. You must have a combination of specialized experience and education as described above (TRANSCRIPT REQUIRED). You will be rated on the following Competencies for this position: Accounting Database Management Systems Financial Management Information Management Problem Solving Experience refers to paid and unpaid experience, including volunteer work done through National Service programs (e.g., Peace Corps, AmeriCorps) and other organizations (e.g., professional; philanthropic; religions; spiritual; community; student; social). Volunteer work helps build critical competencies, knowledge, and skills and can provide valuable training and experience that translates directly to paid employment. You will receive credit for all qualifying experience, including volunteer experience. Note: A full year of work is considered to be 35-40 hours of work per week. Part-time experience will be credited on the basis of time actually spent in appropriate activities. Applicants wishing to receive credit for such experience must indicate clearly the nature of their duties and responsibilities in each position and the number of hours a week spent in such employment. Physical Requirements: The work is sedentary. Some work may require movement between offices, hospitals, warehouses, and similar areas for meetings and to conduct work. Work may also require walking/standing, in conjunctions with travel to and attendance at meetings and/or conferences away from the work site. Incumbent may carry and lift light items weighing less than 15 pounds. For more information on these qualification standards, please visit the United States Office of Personnel Management's website at https://www.opm.gov/policy-data-oversight/classification-qualifications/general-schedule-qualification-standards/.",72553.0,94317.0,USA Jobs,2024-06-21 13:56:56.851886
Consumer Financial Protection Analyst,Consumer Financial Protection Bureau,Anywhere in the U.S. (remote job),"You must meet the following requirements within 30 days of the closing date of this announcement. For the CN-51, you must have one year of specialized experience at a level of difficulty and responsibility equivalent to the CN-40 grade level in the Federal service. (For qualification purposes, the CN-40 is broadly equivalent to the GS-09). Specialized experience for this position includes: - Experience with the development, implementation, and operation of tools and systems to support supervisory reporting, risk analytics, monitoring, prioritization, and scheduling processes AND - Experience analyzing and reporting industry trends involving financial services and products AND -Assisting in conducting and developing training OR You may substitute education for general or specialized experience as follows: Ph.D. or equivalent doctoral degree OR 3 full years of progressively higher-level graduate education leading to such a degree or LL.M., if related. You MUST submit a copy of your transcripts or equivalent. OR You may qualify by a combination of experience and education. Options for qualifying based on a combination will be identified in the online questions. CFPB uses an experience-based process to set pay for employees. Experience is evaluated and credited using the employee's résumé. To ensure that all of your prior work experience (e.g., internships, volunteer work, details, part-time, self-employment, secondary jobs, etc.) is considered and accounted for, please ensure that your résumé covers the following: your entire work history with specific start and end dates (MM-DD-YYYY) provided for each listed position hours worked per week for each position degrees and the dates conferred (MM-YYYY) Part-time experience will be credited pro-rata based on a 40-hour work week, while work of 32 hours or more will be rounded up to full-time experience. If you have multiple positions that have overlapping start and/or end dates, only 40 hours of experience will be credited for a given work week. Refer to Resume Tips for more information on how to submit a comprehensive résumé. See information on our base pay ranges and salary structure. The experience may have been gained in either the public, private sector or volunteer service. One year of experience refers to full-time work; part-time work is considered on a prorated basis. To ensure full credit for your work experience, please indicate dates of employment by month/day/year, and indicate number of hours worked per week on your résumé.",83270.0,162733.0,USA Jobs,2024-06-21 13:56:56.851886
Financial Analyst,Office of General Counsel,Anywhere in the U.S. (remote job),"You must meet the following requirements within 30 days of the closing date of this announcement. Specialized Experience: For the GS-12 grade level, you must have one year (52 full weeks) of specialized experience at a level of difficulty and responsibility equivalent to the GS-11 grade level in the Federal service. Specialized Experience for this position includes: Modeling, managing, and analyzing large volumes of corporate or public financial data; AND Applying analytical and problem-solving techniques to identify financial trends and financial issues, and develop solutions; AND Experience working with the Generally Accepted Accounting Principles (GAAP), or the Generally Accepted Government Auditing Standards (GAS), or Generally Accepted Government Auditing Standards (GAGAS). Specialized Experience: For the GS-11 grade level, you must have one year (52 full weeks) of specialized experience at a level of difficulty and responsibility equivalent to the GS-09 grade level in the Federal service. Specialized Experience for this position includes: Developing corporate or public financial reports, or preparing financial statements, or participating/assisting with financial audits; AND Analyzing financial data from various sources to identify issues with finance. OR Education: You may substitute education for general or specialized experience as follows: Ph.D. or equivalent doctoral degree OR 3 full years of progressively higher level graduate education leading to such a degree OR LL.M., if related. OR Combination: You may qualify by a combination of experience and education. To combine education and experience, the total percentage of experience at the required grade level compared to the specialized experience requirement, as well as the percentage of completed education compared to the education requirement must equal at least 100 percent. Only graduate level education in excess of 36 semester hours (54 quarter hours), may be used to combine education and experience. IF qualifying on Undergraduate or Graduate Education: Major study must be in finance, business administration, economics, accounting, insurance, engineering, mathematics, banking and credit, law, real estate operations, statistics, or other fields related to the position, such as agriculture, agricultural economics, farm, livestock or ranch management, or rural sociology. Experience may have been gained in either the public, private sector or volunteer service. One year of experience refers to full-time work; part-time work is considered on a prorated basis. To ensure full credit for your work experience, please indicate dates of employment by month/day/year, and indicate number of hours worked per week on your resume. Time-in-Grade: In addition to the above requirements, you must meet the following time-in-grade requirement, if applicable: For the GS-12 you must have been at the GS-11 level for 52 weeks. For the GS-11 you must have been at the GS-09 level for 52 weeks. Time After Competitive Appointment: Candidates who are current Federal employees serving on a non-temporary competitive appointment must have served at least three months in that appointment.",72553.0,140713.0,USA Jobs,2024-06-21 13:56:56.851886
Program Analyst (USCG),Department of Homeland Security - Agency Wide,Anywhere in the U.S. (remote job),"Qualifications required: - knowledge of management principles, organizational theory, and techniques of analysis and evaluation, along with knowledge of standardized administrative practices and procedures to conduct studies of work processes in assigned organizations to identify, analyze, and recommend solutions to problems in organizational structure, staffing, administrative procedures, work processes, or workload distribution. knowledge of quantitative and qualitative techniques for analyzing and measure the effectiveness, efficiency, and productivity of administrative and technical programs, along with knowledge of the mission, organization, and work processes of programs throughout assigned project area, and the relationships of administrative support activities to such missions. Skills in preparing reports and skill in organizing and delivering briefings to managers. Please read the following important information to ensure we have everything we need to consider your application: It is your responsibility to ensure that you submit appropriate documentation prior to the closing date. Your resume serves as the basis for qualification determinations and must highlight your most relevant and significant experience as it relates to this Joint Duty assignment opportunity announcement. Be clear and specific when describing your work history since human resources cannot make assumptions regarding your experience. Your application will be rated based on your resume. Please ensure EACH work history includes ALL of the following information: Job Title (Include series and grade of Federal Job) Duties (Be specific in describing your duties) Name of Federal agency Supervisor name, email, and phone number Start and end dates including month and year (e.g. June 2007 to April 2008)",74441.0,115079.0,USA Jobs,2024-06-21 13:56:56.851886
Public Notice for Direct Hire (STEM) - Operations Research Analyst,Centers for Disease Control and Prevention,Anywhere in the U.S. (remote job),"Basic Qualifications: Degree: in operations research; or at least 24 semester hours in a combination of operations research, mathematics, probability, statistics, mathematical logic, science, or subject-matter courses requiring substantial competence in college-level mathematics or statistics. At least 3 of the 24 semester hours must have been in calculus. Minimum Qualifications: GS-11: At least 3 years of progressively higher-level graduate education leading to a Ph.D. degree or Ph.D. or equivalent doctoral degree OR At least 1 year of specialized experience, equivalent to the GS-09 grade level in the Federal service, to include experience designing visual materials (e.g., publications, presentations, or any other communications media) to disseminate public health information and/or promote basic and advanced scientific, technical, regulatory, or general information OR A combination of education & experience GS-12: At least 1 year of specialized experience, equivalent to the GS-11 grade level in the Federal service, to include experience developing methods to identify human capital problems and policy issues using mathematical techniques and analytical models GS-13: At least 1 year of specialized experience, equivalent to the GS-12 grade level in the Federal service, to include experience conducting human capital studies to evaluate, design and improve organizational development, strategic planning, and decision models GS-14: At least 1 year of specialized experience, equivalent to the GS-13 grade level in the Federal service, to include experience providing mathematical modeling, statistical analysis, and cost effectiveness analytic methods on program operations and business processes GS-15: At least 1 year of specialized experience, equivalent to the GS-14 grade level in the Federal service, to include experience conducting operational research and analysis concerning human capital issues utilizing mathematical techniques and/or statistical methods; and providing data to improve operations using techniques to resolve systemic problems Experience refers to paid and unpaid experience, including volunteer work done through National Service programs (e.g., Peace Corps, AmeriCorps) and other organizations (e.g., professional; philanthropic; religious; spiritual; community, student, social). Volunteer work helps build critical competencies, knowledge, and skills and can provide valuable training and experience that translates directly to paid employment. You will receive credit for all qualifying experience, including volunteer experience. Promotion potential: Promotion to the next grade level is at management's discretion and is based on your meeting qualifications and time-in-grade requirements, demonstrated ability to perform the higher-level duties, the continuing need for the higher-level duties, and administrative approval. Promotion to the next grade level is not guaranteed and no promise of promotion is implied.",72553.0,186854.0,USA Jobs,2024-06-21 13:56:56.851886
Supervisory Budget Analyst,Veterans Health Administration,Anywhere in the U.S. (remote job),"To qualify for this position, applicants must meet all requirements by the closing date of this announcement, 06/27/2024. Time-In-Grade Requirement: Applicants who are current Federal employees and have held a GS grade any time in the past 52 weeks must also meet time-in-grade requirements by the closing date of this announcement. For a GS-12 position you must have served 52 weeks at the GS-11. The grade may have been in any occupation, but must have been held in the Federal service. An SF-50 that shows your time-in-grade eligibility must be submitted with your application materials. If the most recent SF-50 has an effective date within the past year, it may not clearly demonstrate you possess one-year time-in-grade, as required by the announcement. In this instance, you must provide an additional SF-50 that clearly demonstrates one-year time-in-grade. Note: Time-In-Grade requirements also apply to former Federal employees applying for reinstatement as well as current employees applying for Veterans Employment Opportunities Act of 1998 (VEOA) appointment. You may qualify based on your experience as described below: Specialized Experience: You must have one year of specialized experience equivalent to at least the next lower grade GS-11 in the normal line of progression for the occupation in the organization. Examples of specialized experience would typically include, but are not limited to: developing budget proposals by reviewing, editing and consolidating annual and multi-year budget estimates; Identify and analyze trends in the receipt, obligation or expenditure of funds to ensure timeliness and funding is being properly used to support program objectives; Identify unforeseen factors in the development and production of budget requests and provide consultation to leadership on how to overcome barriers; and Supervise or lead a section or team , developing performance standards, identifying training needs and developing staff. NOTE: This experience must be supported by your resume to be creditable. You will be rated on the following Competencies for this position: Analysis and Problem Solving Budget Administration Manages and Organizes Information Managing Human Resources Experience refers to paid and unpaid experience, including volunteer work done through National Service programs (e.g., Peace Corps, AmeriCorps) and other organizations (e.g., professional; philanthropic; religions; spiritual; community; student; social). Volunteer work helps build critical competencies, knowledge, and skills and can provide valuable training and experience that translates directly to paid employment. You will receive credit for all qualifying experience, including volunteer experience. Note: A full year of work is considered to be 35-40 hours of work per week. Part-time experience will be credited on the basis of time actually spent in appropriate activities. Applicants wishing to receive credit for such experience must indicate clearly the nature of their duties and responsibilities in each position and the number of hours a week spent in such employment. Physical Requirements: The work is mainly sedentary, although at times it may require some standing, bending, walking, carrying of light items such as papers, books, files, etc. No special physical demands are required to perform the work. For more information on these qualification standards, please visit the United States Office of Personnel Management's website at https://www.opm.gov/policy-data-oversight/classification-qualifications/general-schedule-qualification-standards/.",86962.0,113047.0,USA Jobs,2024-06-21 13:56:56.851886
Program Analyst,Department of Homeland Security - Agency Wide,Anywhere in the U.S. (remote job),"Qualifications required: Ability to clearly communicate orally and in writing, and to present well-considered and sound recommendations. Ability to work effectively in a matrix team environment. Ability to take initiative and work with minimal supervision in a remote environment. Experience formulating and analyzing data reports. Experience using software programs (e.g. Microsoft Office Suite, SharePoint, Teams, etc.) for tracking projects and reporting outcomes. Well-organized and be able to multi-task on a variety of projects. Experience engaging with Senior Leadership and/or Government Executives. Experience facilitating webinars or briefings with stakeholders, partners, or leadership is preferred. Strategic Planning and Strategic Foresight knowledge is preferred. Please read the following important information to ensure we have everything we need to consider your application: It is your responsibility to ensure that you submit appropriate documentation prior to the closing date. Your resume serves as the basis for qualification determinations and must highlight your most relevant and significant experience as it relates to this Joint Duty assignment opportunity announcement. Be clear and specific when describing your work history since human resources cannot make assumptions regarding your experience. Your application will be rated based on your resume. Please ensure EACH work history includes ALL of the following information: Job Title (Include series and grade of Federal Job) Duties (Be specific in describing your duties) Name of Federal agency Supervisor name, email, and phone number Start and end dates including month and year (e.g. June 2007 to April 2008)",88520.0,115079.0,USA Jobs,2024-06-21 13:56:56.851886
"Procurement Analyst (Team Lead), GS-1102-14, (FPL14), (Ed Only), (Remote Eligible)",Office of Finance and Operations,Anywhere in the U.S. (remote job),"Selective Placement Factor You must meet the following selective placement factor: SELECTIVE PLACEMENT FACTOR Candidates within the Federal Government must provide a copy of their Federal Acquisitions Certification in Contracting (FAC-C) (Professional). Applicants who fail to meet the selective factor are ineligible for further consideration. Minimum Qualification Requirements You may meet the minimum qualifications for the GS-14, if you possess the specialize experience. Specialized Experience for the GS-14 One year of experience in either federal or non-federal service that is equivalent to at least a GS-13 performing two (2) out of three (3) of the following duties or work assignments: 1. Experience interpreting and developing acquisition policies, practices, and procedures are in compliance with applicable acquisition management, laws, rules, regulations and agency policy. 2. Experience managing acquisition systems to ensure capability; and advising personnel on all new acquisition system changes. 3. Experience managing acquisition systems to ensure capability of producing data reporting, interpreting data and preparing reports. Knowledge, Skills, and Abilities (KSAs) The quality of your experience will be measured by the extent to which you possess the following knowledge, skills and abilities (KSAs). You do not need to provide separate narrative responses to these KSAs, as they will be measured by your responses to the occupational questionnaire (you may preview the occupational questionnaire by clicking the link at the end of the Evaluations section of this vacancy announcement). 1. Knowledge of Acquisition laws, Federal Acquisition Regulation (FAR), appropriations law, Office of Management and Budget (OMB) circulars, Office of Federal Procurement Policy (OFPP) directives and policy letters, Government Accountability Office (GAO) decisions, Executive Orders, and familiarity with the practices of business and industry sufficient to develop policies and provide guidance to subordinate activities. 2. Skill sufficient to evaluate audit reports, regulations, procurement data, and other relevant material as a basis for developing and implementing departmental guides or procedures. 3. Skill in oral and written communications, including tact and diplomacy, to present sensitive recommendations to higher authority, obtain compliance with policies from contracting activities, and to represent a department to internal and external customers or on task forces.",122198.0,191900.0,USA Jobs,2024-06-21 13:56:56.851886
Public Notice for Financial Specialist/Analyst (Direct Hire),Federal Aviation Administration,"May be filled in various FAA duty locations, ","Reference OPM Group Coverage Qualification Standard for Administrative and Management Positions. https://www.opm.gov/policy-data-oversight/classification-qualifications/general-schedule-qualification-standards/0500/financial-administration-and-program-series-0501/ TO QUALIFY FOR THIS POSITION AT THE FV-F LEVEL, you must demonstrate in your application that you possess at least three years of progressively responsible general experience that demonstrates the ability to analyze problems to identify significant factors, gather pertinent data, recognize solutions, plan and organize work and convey information, with at least one year equivalent to the FG/GS-4 level. OR EDUCATION SUBSTITUTION: Successful completion of a full 4-year course of study in any field leading to a bachelor's degree, gained from an accredited college or university. OR Combination of education and experience may be qualifying for this position. TO QUALIFY FOR THIS POSITION AT THE FV-G LEVEL, you must demonstrate in your application that you possess at least one year of specialized experience equivalent to FV-F (GS/FG 5-9) level. Specialized experience is experience that has equipped you with the particular knowledge, skills, and abilities to perform successfully the duties of a Financial Specialist/Analyst position. SPECIALIZED EXPERIENCE may include but not limited to: applying knowledge using financial databases; reading, interpreting, and summarizing financial data; identifying problem areas and providing recommendations for improvement, communicate effectively to targeted audiences, and/or creation of financial system queries and reports. OR EDUCATION SUBSTITUTION: Ph.D. or equivalent doctoral degree or 3 full years of progressively higher-level graduate education leading to such a degree or LL.M., if related. Education must be directly related to the position. Must be gained from an accredited college or university. OR Combination of education and experience may be qualifying for this position. TO QUALIFY FOR THIS POSITION AT THE FV-H LEVEL, you must demonstrate in your application that you possess at least one year of specialized experience equivalent to FV-G (GS/FG 10-11) level. Specialized experience is experience that has equipped you with the particular knowledge, skills, and abilities to perform successfully the duties of a Financial Specialist/Analyst position. SPECIALIZED EXPERIENCE may include but not limited to: experience in preparing trend and historical analysis to support recommendations; experience with analyzing, interpreting and developing detailed financial reports; experience in the use of financial metrics and practices; experience and demonstrate understanding, use, and application of a variety of software i.e. spreadsheet, database, graphics and word processing. TO QUALIFY FOR THIS POSITION AT THE FV-I LEVEL, you must demonstrate in your application that you possess at least one year of specialized experience equivalent to FV-H (GS/FG 12) level. Specialized experience is experience that has equipped you with the particular knowledge, skills, and abilities to perform successfully the duties of a Financial Specialist/Analyst position. SPECIALIZED EXPERIENCE may include but not limited to: analyzing and reconciling transactional data within the financial accounting system and external source systems to ensure proper accounting flow and financial reporting. Resolving problems relating to all aspects of accounting by adhering to Generally Accepted Accounting Principles (GAAP) and other guidance received from Treasury, OMB, and OFM. Interpreting and adapting regulations to meet reporting requirements and various systems limitations. Identifying methods to improve cost, quality and timeliness of organizational activities through business process re-engineering. TO QUALIFY FOR THIS POSITION AT THE FV-J LEVEL, you must demonstrate in your application that you possess at least one year of specialized experience equivalent to FV-I (GS/FG 13) level. Specialized experience is experience that has equipped you with the particular knowledge, skills, and abilities to perform successfully the duties of a Financial Specialist/Analyst position. SPECIALIZED EXPERIENCE may include but not limited to: planning, execution, risk management; scheduling, measurements, maintenance and implementation of national financial management or accounting systems; analyze requirements to ensure standardization of system functionality accounting and/or financial management, financial planning and control; preparing and reviewing management reports; interprets and applies policies applicable to financial management; experience with Federal budgetary process, including formulation, presentation, and execution phases. TO QUALIFY FOR THIS POSITION AT THE FV-K LEVEL, you must demonstrate in your application that you possess at least one year of specialized experience equivalent to FV-J (GS/FG 14) level. Specialized experience is experience that has equipped you with the particular knowledge, skills, and abilities to perform successfully the duties of a Financial Specialist/Analyst position. SPECIALIZED EXPERIENCE may include but not limited to: experience developing and rendering authoritative guidance of all accounting principles, regulations, directives and legal requirements; analyzing and interpreting a wide range of financial management information, statistical data, and reports to provide end results and recommendations for improvements; experience applying accounting principles and methodologies to prepare financial or program reports, research and analyze regulatory processes and communicate processes to others internal and external to the organization; conducting financial reviews to determine compliance with Federal laws, policies and/or the lawful use of revenue; managing programs/projects using project management and analytical skills. Applicants should provide examples of specialized experience in their work history. Qualifications must be met by the closing date of this vacancy announcement.",45591.0,169378.0,USA Jobs,2024-06-21 13:56:56.851886
Management and Program Analyst,Federal Aviation Administration,FAA Location Negotiable Upon Request - See Additional Info,"SPECIALIZED EXPERIENCE: To qualify for this position at the FV-I, FG/GS-13 level you must demonstrate in your application that you possess at least one year of specialized experience equivalent to FV-H, FG/GS-12 level. Specialized experience is experience that has equipped you with the particular knowledge, skills, and abilities to perform successfully the duties of the position. Specialized experience is defined as: Experience managing multiple ongoing projects and work activities in an environment with shifting priorities and ensuring that milestones are achieved, and deadlines are met. Experience collaborating across organizations and working in teams to accomplish organizational goals and objectives. Qualifications must be met by the closing date of this vacancy announcement.",75305.0,116712.0,USA Jobs,2024-06-21 13:56:56.851886
